#	Vendor	Quest idea	Vanilla ~Reward	Cost of travel	Suggested Reward	Target	Containered Quest SID	Dialog SID	Spawn NPC Quest Node SID	Reward Gen SID
1	Warlock (Small Zone)	Pick up a package	1500	250	1750	4 GeneralNPC_Bandit_Recon + 2 GeneralNPC_Bandit_CloseCombat	RSQ01_C01	RSQ01_Dialog_Warlock_RSQ_Quest_1_25545	RSQ01_C01_Spawn_Point5_Bandits	RSQ01_C01_reward_1
2	Warlock (Small Zone)	Pick up a package	625	250	875	5 Flesh	RSQ01_C01	RSQ01_Dialog_Warlock_RSQ_Quest_1_25545	RSQ01_C01_Spawn_Point5_Flesh	RSQ01_C01_reward_2
3	Warlock (Small Zone)	Pick up a package	1500	250	1750	3 GeneralNPC_Bandit_Recon + 3 GeneralNPC_Bandit_CloseCombat	RSQ01_C01	RSQ01_Dialog_Warlock_RSQ_Quest_1_25545	RSQ01_C01_Spawn_Squad_Point1_Bandits	RSQ01_C01_reward_3
4	Warlock (Small Zone)	Pick up a package	2250	250	2500	12 Blinddog	RSQ01_C01	RSQ01_Dialog_Warlock_RSQ_Quest_1_25545	RSQ01_C01_Spawn_Squad_Point1_Dogs	RSQ01_C01_reward_4
5	Warlock (Small Zone)	Pick up a package	500	250	750	4 Flesh	RSQ01_C01	RSQ01_Dialog_Warlock_RSQ_Quest_1_25545	RSQ01_C01_Spawn_Squad_Point1_Flesh	RSQ01_C01_reward_5
6	Warlock (Small Zone)	Kill squad	625	125	750	5 Flesh	RSQ01_C02	RSQ01_Dialog_Warlock_RSQ_Quest_2_25546	RSQ01_C02_Spawn_Flesh_Point1	RSQ01_C02_reward_6
7	Warlock (Small Zone)	Kill squad	750	125	875	6 Flesh	RSQ01_C02	RSQ01_Dialog_Warlock_RSQ_Quest_2_25546	RSQ01_C02_Spawn_Flesh_Point2	RSQ01_C02_reward_7
8	Warlock (Small Zone)	Kill squad	750	125	875	6 Flesh	RSQ01_C02	RSQ01_Dialog_Warlock_RSQ_Quest_2_25546	RSQ01_C02_Spawn_Flesh_Point3	RSQ01_C02_reward_8
9	Warlock (Small Zone)	Kill squad	750	125	875	6 Flesh	RSQ01_C02	RSQ01_Dialog_Warlock_RSQ_Quest_2_25546	RSQ01_C02_Spawn_Flesh_Point4	RSQ01_C02_reward_9
10	Warlock (Small Zone)	Get Artifact	12000	0	12000	Whirlwind	RSQ01_C03	RSQ01_Dialog_Warlock_RSQ_Quest_3_1stTime_25547		RSQ01_C03_reward_10
11	Warlock (Small Zone)	Kill squad	1500	125	1625	3 GeneralNPC_Bandit_Recon + 3 GeneralNPC_Bandit_CloseCombat	RSQ01_C04	RSQ01_Dialog_Warlock_RSQ_Quest_4_25555	RSQ01_C04_Spawn_Squad_Point_1	RSQ01_C04_reward_11
12	Warlock (Small Zone)	Kill squad	1750	125	1875	4 GeneralNPC_Bandit_Recon + 3 GeneralNPC_Bandit_CloseCombat	RSQ01_C04	RSQ01_Dialog_Warlock_RSQ_Quest_4_25555	RSQ01_C04_Spawn_Squad_Point_2	RSQ01_C04_reward_12
13	Warlock (Small Zone)	Kill squad	1500	125	1625	2 GeneralNPC_Bandit_Recon + 4 GeneralNPC_Bandit_CloseCombat	RSQ01_C04	RSQ01_Dialog_Warlock_RSQ_Quest_4_25555	RSQ01_C04_Spawn_Squad_Point_3	RSQ01_C04_reward_13
14	Warlock (Small Zone)	Kill squad	1675	125	1800	9 Blinddog	RSQ01_C05	RSQ01_Dialog_Warlock_RSQ_Quest_5_25557	RSQ01_C05_Spawn_Squad_Dog_1	RSQ01_C05_reward_14
15	Warlock (Small Zone)	Kill squad	1875	125	2000	10 Blinddog	RSQ01_C05	RSQ01_Dialog_Warlock_RSQ_Quest_5_25557	RSQ01_C05_Spawn_Squad_Dog_2	RSQ01_C05_reward_15
16	Warlock (Small Zone)	Kill squad	1675	125	1800	9 Blinddog	RSQ01_C05	RSQ01_Dialog_Warlock_RSQ_Quest_5_25557	RSQ01_C05_Spawn_Squad_Dog_3	RSQ01_C05_reward_16
17	Warlock (Small Zone)	Kill squad	1875	125	2000	10 Blinddog	RSQ01_C05	RSQ01_Dialog_Warlock_RSQ_Quest_5_25557	RSQ01_C05_Spawn_Squad_Dog_4	RSQ01_C05_reward_17
18	Warlock (Small Zone)	Find a body and bring PDA	1000	250	1250	2 GeneralNPC_Bandit_Recon + 2 GeneralNPC_Bandit_CloseCombat	RSQ01_C06	RSQ01_Dialog_Warlock_RSQ_Quest_6_25561	RSQ01_C06_Spawn_BanditSquad_P2	RSQ01_C06_reward_18
19	Warlock (Small Zone)	Find a body and bring PDA	1675	250	1925	9 Blinddog	RSQ01_C06	RSQ01_Dialog_Warlock_RSQ_Quest_6_25561	RSQ01_C06_Spawn_DogsSquad_P1	RSQ01_C06_reward_19
20	Boozer (Slug Heap)	Kill squad	1250	250	1500	4 GeneralNPC_Bandit_CloseCombat + 1 GeneralNPC_Bandit_Recon	RSQ04_C01	RSQ04_Dialog_Drabadan_RSQ_quest_1_32932	RSQ04_C01_SpawnObjectNPCMonster_BP_SquadPlaceholder_Variant_1	RSQ04_C01_reward_20
21	Boozer (Slug Heap)	Kill squad	1000	250	1250	2 GeneralNPC_Bandit_CloseCombat + 2 GeneralNPC_Bandit_Recon	RSQ04_C01	RSQ04_Dialog_Drabadan_RSQ_quest_1_32932	RSQ04_C01_SpawnObjectNPCMonster_BP_SquadPlaceholder_Variant_2	RSQ04_C01_reward_21
22	Boozer (Slug Heap)	Kill squad	1250	250	1500	1 GeneralNPC_Bandit_CloseCombat + 4 GeneralNPC_Bandit_Recon	RSQ04_C01	RSQ04_Dialog_Drabadan_RSQ_quest_1_32932	RSQ04_C01_SpawnObjectNPCMonster_BP_SquadPlaceholder_Variant_3	RSQ04_C01_reward_22
23	Boozer (Slug Heap)	Kill squad	1200	250	1450	2 GeneralNPC_Neutral_CloseCombat + 2 GeneralNPC_Neutral_Recon + 2 GeneralNPC_Neutral_Stormtrooper	RSQ04_C02	RSQ04_Dialog_Drabadan_RSQ_quest_2_32934	RSQ04_C02_SpawnObjectNPCMonster_BP_SquadPlaceholder_V2	RSQ04_C02_reward_23
24	Boozer (Slug Heap)	Kill squad	1200	250	1450	2 GeneralNPC_Neutral_Stormtrooper + 4 GeneralNPC_Neutral_Recon	RSQ04_C02	RSQ04_Dialog_Drabadan_RSQ_quest_2_32934	RSQ04_C02_SpawnObjectNPCMonster_BP_SquadPlaceholder_V3	RSQ04_C02_reward_24
25	Boozer (Slug Heap)	Kill squad	1200	250	1450	2 GeneralNPC_Neutral_CloseCombat + 2 GeneralNPC_Neutral_Recon + 2 GeneralNPC_Neutral_Stormtrooper	RSQ04_C02	RSQ04_Dialog_Drabadan_RSQ_quest_2_32934	RSQ04_C02_SpawnObjectNPCMonster_BP_SquadPlaceholder_Variant_1_Stalkers	RSQ04_C02_reward_25
26	Boozer (Slug Heap)	Kill squad	1250	250	1500	4 GeneralNPC_Bandit_Recon + 1 GeneralNPC_Bandit_CloseCombat	RSQ04_C03	RSQ04_Dialog_Drabadan_RSQ_quest_3_32939	RSQ04_C03_SpawnObjectNPCMonster_BP_SquadPlaceholder_Variant_1	RSQ04_C03_reward_26
27	Boozer (Slug Heap)	Kill squad	1250	250	1500	4 GeneralNPC_Bandit_Recon + 1 GeneralNPC_Bandit_CloseCombat	RSQ04_C03	RSQ04_Dialog_Drabadan_RSQ_quest_3_32939	RSQ04_C03_SpawnObjectNPCMonster_BP_SquadPlaceholder_Variant_2	RSQ04_C03_reward_27
28	Boozer (Slug Heap)	Kill squad	1200	250	1450	2 GeneralNPC_Neutral_Recon + 4 GeneralNPC_Neutral_CloseCombat	RSQ04_C03	RSQ04_Dialog_Drabadan_RSQ_quest_3_32939	RSQ04_C03_SpawnObjectNPCMonster_BP_SquadPlaceholder_Variant_3	RSQ04_C03_reward_28
29	Boozer (Slug Heap)	Kill squad	1225	250	1475	7 Boar	RSQ04_C04	RSQ04_Dialog_Drabadan_RSQ_quest_4_32945	RSQ04_C04_SpawnObjectNPCMonster_BP_SquadPlaceholder_Variant_1	RSQ04_C04_reward_29
30	Boozer (Slug Heap)	Kill squad	1250	250	1500	20 Tushkan	RSQ04_C04	RSQ04_Dialog_Drabadan_RSQ_quest_4_32945	RSQ04_C04_SpawnObjectNPCMonster_BP_SquadPlaceholder_Variant_2	RSQ04_C04_reward_30
31	Boozer (Slug Heap)	Pick up a package	1500	500	2000	3 GeneralNPC_Bandit_CloseCombat + 3 GeneralNPC_Bandit_Recon	RSQ04_C05	RSQ04_Dialog_Drabadan_RSQ_quest_5_32951	RSQ04_C05_SpawnObjectNPCMonster_BP_SquadPlaceholder	RSQ04_C05_reward_31
32	Boozer (Slug Heap)	Pick up a package	750	500	1250	6 Flesh	RSQ04_C05	RSQ04_Dialog_Drabadan_RSQ_quest_5_32951	RSQ04_C05_SpawnObjectNPCMonster_BP_SquadPlaceholder_RSQ04_C05_V3	RSQ04_C05_reward_32
33	Boozer (Slug Heap)	Kill squad	1500	250	1750	3 GeneralNPC_Bandit_CloseCombat + 3 GeneralNPC_Bandit_Recon	RSQ04_C06	RSQ04_Dialog_Drabadan_RSQ_quest_6_32961	RSQ04_C06_SpawnObjectNPCMonster_BP_SquadPlaceholder_Variant_1	RSQ04_C06_reward_33
34	Boozer (Slug Heap)	Kill squad	1500	250	1750	3 GeneralNPC_Bandit_CloseCombat + 3 GeneralNPC_Bandit_Recon	RSQ04_C06	RSQ04_Dialog_Drabadan_RSQ_quest_6_32961	RSQ04_C06_SpawnObjectNPCMonster_BP_SquadPlaceholder_Variant_2	RSQ04_C06_reward_34
35	Boozer (Slug Heap)	Kill squad	750	250	1000	2 GeneralNPC_Bandit_CloseCombat + 1 GeneralNPC_Bandit_Recon	RSQ04_C06	RSQ04_Dialog_Drabadan_RSQ_quest_6_32961	RSQ04_C06_SpawnObjectNPCMonster_BP_SquadPlaceholder_Variant_3	RSQ04_C06_reward_35
36	Boozer (Slug Heap)	Get Artifact	12000	0	12000	Steak	RSQ04_C07	RSQ04_Dialog_Drabadan_RSQ_quest_7_32965		RSQ04_C07_reward_36
37	Boozer (Slug Heap)	Get Artifact	12000	0	12000	Horn	RSQ04_C08	RSQ04_Dialog_Drabadan_RSQ_quest_8_32966		RSQ04_C08_reward_37
38	Boozer (Slug Heap)	Get Artifact	12000	0	12000	Sapphire	RSQ04_C09	RSQ04_Dialog_Drabadan_RSQ_quest_9_32967		RSQ04_C09_reward_38
39	Boozer (Slug Heap)	Kill squad	3000	250	3250	4 GeneralNPC_Bandit_CloseCombat + 8 GeneralNPC_Bandit_Recon	RSQ04_C10	RSQ04_Dialog_Drabadan_RSQ_special_task_63727		RSQ04_C10_reward_39
40	Owl (Sultansk)	Pick up a package	925	750	1675	1 Pseudodog	RSQ05_C01	RSQ05_Dialog_Sich_RSQ_quest_1_36380	RSQ05_C01_SpawnObjectNPCMonster_BP_SquadPlaceholder_V1	RSQ05_C01_reward_40
41	Owl (Sultansk)	Pick up a package	1000	750	1750	2 GeneralNPC_Bandit_CloseCombat + 2 GeneralNPC_Bandit_Recon	RSQ05_C01	RSQ05_Dialog_Sich_RSQ_quest_1_36380	RSQ05_C01_SpawnObjectNPCMonster_BP_SquadPlaceholder_V3	RSQ05_C01_reward_41
42	Owl (Sultansk)	Kill squad	1500	375	1875	2 GeneralNPC_Bandit_CloseCombat + 2 GeneralNPC_Bandit_Stormtrooper + 2 GeneralNPC_Bandit_Recon	RSQ05_C02	RSQ05_Dialog_Sich_RSQ_quest_2_36381	RSQ05_C02_SpawnObjectNPCMonster_BP_SquadPlaceholder_V1	RSQ05_C02_reward_42
43	Owl (Sultansk)	Kill squad	1500	375	1875	2 GeneralNPC_Bandit_CloseCombat + 2 GeneralNPC_Bandit_Stormtrooper + 2 GeneralNPC_Bandit_Recon	RSQ05_C02	RSQ05_Dialog_Sich_RSQ_quest_2_36381	RSQ05_C02_SpawnObjectNPCMonster_BP_SquadPlaceholder_V3	RSQ05_C02_reward_43
44	Owl (Sultansk)	Kill squad	1500	375	1875	2 GeneralNPC_Bandit_CloseCombat + 2 GeneralNPC_Bandit_Stormtrooper + 2 GeneralNPC_Bandit_Recon	RSQ05_C02	RSQ05_Dialog_Sich_RSQ_quest_2_36381	RSQ05_C02_SpawnObjectNPCMonster_BP_SquadPlaceholder_Variant_1_Bandits	RSQ05_C02_reward_44
45	Owl (Sultansk)	Kill squad	1500	375	1875	2 GeneralNPC_Bandit_CloseCombat + 2 GeneralNPC_Bandit_Stormtrooper + 2 GeneralNPC_Bandit_Recon	RSQ05_C02	RSQ05_Dialog_Sich_RSQ_quest_2_36381	RSQ05_C02_SpawnObjectNPCMonster_BP_SquadPlaceholder_Variant_1_Stalkers	RSQ05_C02_reward_45
46	Owl (Sultansk)	Kill squad	1500	375	1875	2 GeneralNPC_Bandit_CloseCombat + 2 GeneralNPC_Bandit_Stormtrooper + 2 GeneralNPC_Bandit_Recon	RSQ05_C02	RSQ05_Dialog_Sich_RSQ_quest_2_36381	RSQ05_C02_SpawnObjectNPCMonster_BP_SquadPlaceholder_Variant_1_Stalkers_1	RSQ05_C02_reward_46
47	Owl (Sultansk)	Kill squad	1250	375	1625	20 Tushkan	RSQ05_C04	RSQ05_Dialog_Sich_RSQ_quest_4_36383	RSQ05_C04_SpawnObjectNPCMonster_BP_SquadPlaceholder_Variant_1	RSQ05_C04_reward_47
48	Owl (Sultansk)	Kill squad	625	375	1000	5 Flesh	RSQ05_C04	RSQ05_Dialog_Sich_RSQ_quest_4_36383	RSQ05_C04_SpawnObjectNPCMonster_BP_SquadPlaceholder_Variant_2	RSQ05_C04_reward_48
49	Owl (Sultansk)	Kill squad	1050	375	1425	6 Boar	RSQ05_C04	RSQ05_Dialog_Sich_RSQ_quest_4_36383	RSQ05_C04_SpawnObjectNPCMonster_BP_SquadPlaceholder_Variant_3	RSQ05_C04_reward_49
50	Owl (Sultansk)	Kill squad	2250	375	2625	3 GeneralNPC_Bandit_CloseCombat + 2 GeneralNPC_Bandit_Stormtrooper + 4 GeneralNPC_Bandit_Recon	RSQ05_C05	RSQ05_Dialog_Sich_RSQ_quest_5_36384	RSQ05_C05_SpawnObjectNPCMonster_BP_SquadPlaceholder_V2_1	RSQ05_C05_reward_50
51	Owl (Sultansk)	Kill squad	1500	375	1875	3 GeneralNPC_Bandit_CloseCombat + 1 GeneralNPC_Bandit_Stormtrooper + 2 GeneralNPC_Bandit_Recon	RSQ05_C05	RSQ05_Dialog_Sich_RSQ_quest_5_36384	RSQ05_C05_SpawnObjectNPCMonster_BP_SquadPlaceholder_V2_2	RSQ05_C05_reward_51
52	Owl (Sultansk)	Kill squad	1750	375	2125	2 GeneralNPC_Bandit_CloseCombat + 2 GeneralNPC_Bandit_Stormtrooper + 3 GeneralNPC_Bandit_Recon	RSQ05_C05	RSQ05_Dialog_Sich_RSQ_quest_5_36384	RSQ05_C05_SpawnObjectNPCMonster_BP_SquadPlaceholder_V3	RSQ05_C05_reward_52
53	Owl (Sultansk)	Get Artifact	20000	0	20000	Ciliate	RSQ05_C07	RSQ05_Dialog_Sich_RSQ_quest_7_36386		RSQ05_C07_reward_53
54	Owl (Sultansk)	Get Artifact	12000	0	12000	Rat King	RSQ05_C08	RSQ05_Dialog_Sich_RSQ_quest_8_36387		RSQ05_C08_reward_54
55	Owl (Sultansk)	Get Artifact	20000	0	20000	Crown	RSQ05_C09	RSQ05_Dialog_Sich_RSQ_quest_9_36388		RSQ05_C09_reward_55
56	Owl (Sultansk)	Find 3 bodies and bring PDA	3125	1500	4625	2 GeneralNPC_Mercenaries_Stormtrooper + 1 GeneralNPC_Mercenaries_Sniper + 4 GeneralNPC_Mercenaries_Recon + 4 Flesh	RSQ05_C10	RSQ05_Dialog_Sich_RSQ_special_task_63823		RSQ05_C10_reward_56
57	Sidorovych (Rookie village)	Kill Squad	1675	125	1800	3 GeneralZombie_Neutral_Stormtrooper + 4 GeneralZombie_Neutral_Recon + 1 GeneralZombie_Neutral_CloseCombat	RSQ06_C01___K_Z	RSQ06_Dialog_Sidorovich_RSQ_quest_1_41221	RSQ06_C01___K_Z_SpawnObjectNPCMonster_BP_SquadPlaceholder_Variant_10	RSQ06_C01___K_Z_reward_57
58	Sidorovych (Rookie village)	Kill Squad	1500	125	1625	3 GeneralZombie_Neutral_Stormtrooper + 3 GeneralZombie_Neutral_Recon + 2 GeneralZombie_Neutral_CloseCombat	RSQ06_C01___K_Z	RSQ06_Dialog_Sidorovich_RSQ_quest_1_41221	RSQ06_C01___K_Z_SpawnObjectNPCMonster_BP_SquadPlaceholder_Variant_11	RSQ06_C01___K_Z_reward_58
59	Sidorovych (Rookie village)	Kill Squad	1875	125	2000	4 GeneralZombie_Neutral_Stormtrooper + 3 GeneralZombie_Neutral_Recon + 3 GeneralZombie_Neutral_CloseCombat	RSQ06_C01___K_Z	RSQ06_Dialog_Sidorovich_RSQ_quest_1_41221	RSQ06_C01___K_Z_SpawnObjectNPCMonster_BP_SquadPlaceholder_Variant_4	RSQ06_C01___K_Z_reward_59
60	Sidorovych (Rookie village)	Kill Squad	1500	125	1625	3 GeneralZombie_Neutral_Stormtrooper + 3 GeneralZombie_Neutral_Recon + 2 GeneralZombie_Neutral_CloseCombat	RSQ06_C01___K_Z	RSQ06_Dialog_Sidorovich_RSQ_quest_1_41221	RSQ06_C01___K_Z_SpawnObjectNPCMonster_BP_SquadPlaceholder_Variant_5	RSQ06_C01___K_Z_reward_60
61	Sidorovych (Rookie village)	Kill Squad	1500	125	1625	3 GeneralZombie_Neutral_Stormtrooper + 3 GeneralZombie_Neutral_Recon + 2 GeneralZombie_Neutral_CloseCombat	RSQ06_C01___K_Z	RSQ06_Dialog_Sidorovich_RSQ_quest_1_41221	RSQ06_C01___K_Z_SpawnObjectNPCMonster_BP_SquadPlaceholder_Variant_6	RSQ06_C01___K_Z_reward_61
62	Sidorovych (Rookie village)	Kill Squad	1875	125	2000	3 GeneralZombie_Neutral_Stormtrooper + 3 GeneralZombie_Neutral_Recon + 4 GeneralZombie_Neutral_CloseCombat	RSQ06_C01___K_Z	RSQ06_Dialog_Sidorovich_RSQ_quest_1_41221	RSQ06_C01___K_Z_SpawnObjectNPCMonster_BP_SquadPlaceholder_Variant_7	RSQ06_C01___K_Z_reward_62
63	Sidorovych (Rookie village)	Kill Squad	875	125	1000	5 Boar	RSQ06_C02___K_M	RSQ06_Dialog_Sidorovich_RSQ_quest_2_41226	RSQ06_C02___K_M_SpawnObjectNPCMonster_BP_SquadPlaceholder_Variant_10	RSQ06_C02___K_M_reward_63
64	Sidorovych (Rookie village)	Kill Squad	925	125	1050	1 PseudoDog	RSQ06_C02___K_M	RSQ06_Dialog_Sidorovich_RSQ_quest_2_41226	RSQ06_C02___K_M_SpawnObjectNPCMonster_BP_SquadPlaceholder_Variant_11	RSQ06_C02___K_M_reward_64
65	Sidorovych (Rookie village)	Kill Squad	1500	125	1625	8 Blinddog	RSQ06_C02___K_M	RSQ06_Dialog_Sidorovich_RSQ_quest_2_41226	RSQ06_C02___K_M_SpawnObjectNPCMonster_BP_SquadPlaceholder_Variant_14	RSQ06_C02___K_M_reward_65
66	Sidorovych (Rookie village)	Kill Squad	750	125	875	6 Flesh	RSQ06_C02___K_M	RSQ06_Dialog_Sidorovich_RSQ_quest_2_41226	RSQ06_C02___K_M_SpawnObjectNPCMonster_BP_SquadPlaceholder_Variant_15	RSQ06_C02___K_M_reward_66
67	Sidorovych (Rookie village)	Kill Squad	525	125	650	3 Boar	RSQ06_C02___K_M	RSQ06_Dialog_Sidorovich_RSQ_quest_2_41226	RSQ06_C02___K_M_SpawnObjectNPCMonster_BP_SquadPlaceholder_Variant_5	RSQ06_C02___K_M_reward_67
68	Sidorovych (Rookie village)	Kill Squad	1875	125	2000	10 Blinddog	RSQ06_C02___K_M	RSQ06_Dialog_Sidorovich_RSQ_quest_2_41226	RSQ06_C02___K_M_SpawnObjectNPCMonster_BP_SquadPlaceholder_Variant_7	RSQ06_C02___K_M_reward_68
69	Sidorovych (Rookie village)	Kill Squad	1750	125	1875	5 GeneralNPC_Bandit_Stormtrooper + 2 GeneralNPC_Bandit_Recon	RSQ06_C03___K_B	RSQ06_Dialog_Sidorovich_RSQ_quest_3_41228	RSQ06_C03___K_B_SpawnObjectNPCMonster_BP_SquadPlaceholder_Variant_10	RSQ06_C03___K_B_reward_69
70	Sidorovych (Rookie village)	Kill Squad	1750	125	1875	5 GeneralNPC_Bandit_Stormtrooper + 2 GeneralNPC_Bandit_Recon	RSQ06_C03___K_B	RSQ06_Dialog_Sidorovich_RSQ_quest_3_41228	RSQ06_C03___K_B_SpawnObjectNPCMonster_BP_SquadPlaceholder_Variant_11	RSQ06_C03___K_B_reward_70
71	Sidorovych (Rookie village)	Kill Squad	1750	125	1875	5 GeneralNPC_Bandit_Stormtrooper + 2 GeneralNPC_Bandit_Recon	RSQ06_C03___K_B	RSQ06_Dialog_Sidorovich_RSQ_quest_3_41228	RSQ06_C03___K_B_SpawnObjectNPCMonster_BP_SquadPlaceholder_Variant_14	RSQ06_C03___K_B_reward_71
72	Sidorovych (Rookie village)	Kill Squad	1750	125	1875	5 GeneralNPC_Bandit_Stormtrooper + 2 GeneralNPC_Bandit_Recon	RSQ06_C03___K_B	RSQ06_Dialog_Sidorovich_RSQ_quest_3_41228	RSQ06_C03___K_B_SpawnObjectNPCMonster_BP_SquadPlaceholder_Variant_15	RSQ06_C03___K_B_reward_72
73	Sidorovych (Rookie village)	Kill Squad	1750	125	1875	5 GeneralNPC_Bandit_Stormtrooper + 2 GeneralNPC_Bandit_Recon	RSQ06_C03___K_B	RSQ06_Dialog_Sidorovich_RSQ_quest_3_41228	RSQ06_C03___K_B_SpawnObjectNPCMonster_BP_SquadPlaceholder_Variant_18	RSQ06_C03___K_B_reward_73
74	Sidorovych (Rookie village)	Kill Squad	1750	125	1875	5 GeneralNPC_Bandit_Stormtrooper + 2 GeneralNPC_Bandit_Recon	RSQ06_C03___K_B	RSQ06_Dialog_Sidorovich_RSQ_quest_3_41228	RSQ06_C03___K_B_SpawnObjectNPCMonster_BP_SquadPlaceholder_Variant_19	RSQ06_C03___K_B_reward_74
75	Sidorovych (Rookie village)	Kill Squad	1750	125	1875	5 GeneralNPC_Bandit_Stormtrooper + 2 GeneralNPC_Bandit_Recon	RSQ06_C03___K_B	RSQ06_Dialog_Sidorovich_RSQ_quest_3_41228	RSQ06_C03___K_B_SpawnObjectNPCMonster_BP_SquadPlaceholder_Variant_6	RSQ06_C03___K_B_reward_75
76	Sidorovych (Rookie village)	Kill Squad	1750	125	1875	5 GeneralNPC_Bandit_Stormtrooper + 2 GeneralNPC_Bandit_Recon	RSQ06_C03___K_B	RSQ06_Dialog_Sidorovich_RSQ_quest_3_41228	RSQ06_C03___K_B_SpawnObjectNPCMonster_BP_SquadPlaceholder_Variant_7	RSQ06_C03___K_B_reward_76
77	Sidorovych (Rookie village)	Kill Squad	1400	125	1525	5 GeneralNPC_Neutral_Recon + 2 GeneralNPC_Neutral_Stormtrooper	RSQ06_C04___K_S	RSQ06_Dialog_Sidorovich_RSQ_quest_4_41230	RSQ06_C04___K_S_SpawnObjectNPCMonster_BP_SquadPlaceholder_Variant_10	RSQ06_C04___K_S_reward_77
78	Sidorovych (Rookie village)	Kill Squad	1400	125	1525	5 GeneralNPC_Neutral_Recon + 2 GeneralNPC_Neutral_Stormtrooper	RSQ06_C04___K_S	RSQ06_Dialog_Sidorovich_RSQ_quest_4_41230	RSQ06_C04___K_S_SpawnObjectNPCMonster_BP_SquadPlaceholder_Variant_11	RSQ06_C04___K_S_reward_78
79	Sidorovych (Rookie village)	Kill Squad	1400	125	1525	5 GeneralNPC_Neutral_Recon + 2 GeneralNPC_Neutral_Stormtrooper	RSQ06_C04___K_S	RSQ06_Dialog_Sidorovich_RSQ_quest_4_41230	RSQ06_C04___K_S_SpawnObjectNPCMonster_BP_SquadPlaceholder_Variant_14	RSQ06_C04___K_S_reward_79
80	Sidorovych (Rookie village)	Kill Squad	1400	125	1525	5 GeneralNPC_Neutral_Recon + 2 GeneralNPC_Neutral_Stormtrooper	RSQ06_C04___K_S	RSQ06_Dialog_Sidorovich_RSQ_quest_4_41230	RSQ06_C04___K_S_SpawnObjectNPCMonster_BP_SquadPlaceholder_Variant_15	RSQ06_C04___K_S_reward_80
81	Sidorovych (Rookie village)	Kill Squad	1400	125	1525	5 GeneralNPC_Neutral_Recon + 2 GeneralNPC_Neutral_Stormtrooper	RSQ06_C04___K_S	RSQ06_Dialog_Sidorovich_RSQ_quest_4_41230	RSQ06_C04___K_S_SpawnObjectNPCMonster_BP_SquadPlaceholder_Variant_4	RSQ06_C04___K_S_reward_81
82	Sidorovych (Rookie village)	Kill Squad	1400	125	1525	5 GeneralNPC_Neutral_Recon + 2 GeneralNPC_Neutral_Stormtrooper	RSQ06_C04___K_S	RSQ06_Dialog_Sidorovich_RSQ_quest_4_41230	RSQ06_C04___K_S_SpawnObjectNPCMonster_BP_SquadPlaceholder_Variant_5	RSQ06_C04___K_S_reward_82
83	Sidorovych (Rookie village)	Kill Squad	1400	125	1525	5 GeneralNPC_Neutral_Recon + 2 GeneralNPC_Neutral_Stormtrooper	RSQ06_C04___K_S	RSQ06_Dialog_Sidorovich_RSQ_quest_4_41230	RSQ06_C04___K_S_SpawnObjectNPCMonster_BP_SquadPlaceholder_Variant_6	RSQ06_C04___K_S_reward_83
84	Sidorovych (Rookie village)	Kill Squad	1400	125	1525	5 GeneralNPC_Neutral_Recon + 2 GeneralNPC_Neutral_Stormtrooper	RSQ06_C04___K_S	RSQ06_Dialog_Sidorovich_RSQ_quest_4_41230	RSQ06_C04___K_S_SpawnObjectNPCMonster_BP_SquadPlaceholder_Variant_7	RSQ06_C04___K_S_reward_84
85	Sidorovych (Rookie village)	Pick up a package	875	250	1125	1 Bloodsucker	RSQ06_C05___B_B	RSQ06_Dialog_Sidorovich_RSQ_quest_5_41236	RSQ06_C05___B_B_SpawnObjectNPCMonster__BP_ItemContainerPlaceholder_V3_12	RSQ06_C05___B_B_reward_85
86	Sidorovych (Rookie village)	Pick up a package	1875	250	2125	10 Blinddog	RSQ06_C05___B_B	RSQ06_Dialog_Sidorovich_RSQ_quest_5_41236	RSQ06_C05___B_B_SpawnObjectNPCMonster__BP_ItemContainerPlaceholder_V3_3	RSQ06_C05___B_B_reward_86
87	Sidorovych (Rookie village)	Pick up a package	1500	250	1750	4 GeneralNPC_Bandit_Stormtrooper + 2 GeneralNPC_Bandit_Recon	RSQ06_C05___B_B	RSQ06_Dialog_Sidorovich_RSQ_quest_5_41236	RSQ06_C05___B_B_SpawnObjectNPCMonster__BP_ItemContainerPlaceholder_V3_4	RSQ06_C05___B_B_reward_87
88	Sidorovych (Rookie village)	Pick up a package	1550	250	1800	25 Tushkan	RSQ06_C05___B_B	RSQ06_Dialog_Sidorovich_RSQ_quest_5_41236	RSQ06_C05___B_B_SpawnObjectNPCMonster__BP_ItemContainerPlaceholder_V3_8	RSQ06_C05___B_B_reward_88
89	Sidorovych (Rookie village)	Get Artifact	36000	0	36000	Broken Rock	RSQ06_C06___B_A	RSQ06_Dialog_Sidorovich_RSQ_quest_6_41239		RSQ06_C06___B_A_reward_89
90	Sidorovych (Rookie village)	Get Artifact	12000	0	12000	Spinner	RSQ06_C07___B_A	RSQ06_Dialog_Sidorovich_RSQ_quest_7_41241		RSQ06_C07___B_A_reward_90
91	Sidorovych (Rookie village)	Get Artifact	20000	0	20000	Harp	RSQ06_C08___B_A	RSQ06_Dialog_Sidorovich_RSQ_quest_8_41242		RSQ06_C08___B_A_reward_91
92	Sidorovych (Rookie village)	Get a gun	21500	0	21500	Gvyntar	RSQ06_C09___S_P	RSQ06_Dialog_Sidorovich_RSQ_special_task_63535		RSQ06_C09___S_P_reward_92
93	Hera (Concrete Plant)	Kill squad	1300	250	1550	4 GeneralZombie_Neutral_Stormtrooper + 2 GeneralZombie_Neutral_Recon + 1 GeneralZombie_Neutral_CloseCombat	RSQ07_C01_K_Z	RSQ07_Dialog_Barmen_RSQ_quest_1_58566	RSQ07_C01_K_Z_SpawnObjectNPCMonster_BP_SquadPlaceholder_Variant_10	RSQ07_C01_K_Z_reward_93
94	Hera (Concrete Plant)	Kill squad	1875	250	2125	3 GeneralZombie_Duty_CloseCombat + 2 GeneralZombie_Duty_Recon + 2 GeneralZombie_Duty_Stormtrooper	RSQ07_C01_K_Z	RSQ07_Dialog_Barmen_RSQ_quest_1_58567	RSQ07_C01_K_Z_SpawnObjectNPCMonster_BP_SquadPlaceholder_Variant_11	RSQ07_C01_K_Z_reward_94
95	Hera (Concrete Plant)	Kill squad	1300	250	1550	4 GeneralZombie_Neutral_Stormtrooper + 2 GeneralZombie_Neutral_Recon + 1 GeneralZombie_Neutral_CloseCombat	RSQ07_C01_K_Z	RSQ07_Dialog_Barmen_RSQ_quest_1_58568	RSQ07_C01_K_Z_SpawnObjectNPCMonster_BP_SquadPlaceholder_Variant_4	RSQ07_C01_K_Z_reward_95
96	Hera (Concrete Plant)	Kill squad	1875	250	2125	3 GeneralZombie_Duty_CloseCombat + 2 GeneralZombie_Duty_Recon + 2 GeneralZombie_Duty_Stormtrooper	RSQ07_C01_K_Z	RSQ07_Dialog_Barmen_RSQ_quest_1_58569	RSQ07_C01_K_Z_SpawnObjectNPCMonster_BP_SquadPlaceholder_Variant_5	RSQ07_C01_K_Z_reward_96
97	Hera (Concrete Plant)	Kill squad	1300	250	1550	3 GeneralZombie_Neutral_Stormtrooper + 2 GeneralZombie_Neutral_Recon + 2 GeneralZombie_Neutral_CloseCombat	RSQ07_C01_K_Z	RSQ07_Dialog_Barmen_RSQ_quest_1_58570	RSQ07_C01_K_Z_SpawnObjectNPCMonster_BP_SquadPlaceholder_Variant_6	RSQ07_C01_K_Z_reward_97
98	Hera (Concrete Plant)	Kill squad	1875	250	2125	3 GeneralZombie_Duty_CloseCombat + 2 GeneralZombie_Duty_Recon + 2 GeneralZombie_Duty_Stormtrooper	RSQ07_C01_K_Z	RSQ07_Dialog_Barmen_RSQ_quest_1_58571	RSQ07_C01_K_Z_SpawnObjectNPCMonster_BP_SquadPlaceholder_Variant_7	RSQ07_C01_K_Z_reward_98
99	Hera (Concrete Plant)	Kill squad	750	250	1000	6 Flesh	RSQ07_C02_K_M	RSQ07_Dialog_Barmen_RSQ_quest_2_58568	RSQ07_C02_K_M_SpawnObjectNPCMonster_BP_SquadPlaceholder_Variant_10	RSQ07_C02_K_M_reward_99
100	Hera (Concrete Plant)	Kill squad	1050	250	1300	6 Boar	RSQ07_C02_K_M	RSQ07_Dialog_Barmen_RSQ_quest_2_58568	RSQ07_C02_K_M_SpawnObjectNPCMonster_BP_SquadPlaceholder_Variant_11	RSQ07_C02_K_M_reward_100
101	Hera (Concrete Plant)	Kill squad	1050	250	1300	6 Boar	RSQ07_C02_K_M	RSQ07_Dialog_Barmen_RSQ_quest_2_58568	RSQ07_C02_K_M_SpawnObjectNPCMonster_BP_SquadPlaceholder_Variant_14	RSQ07_C02_K_M_reward_101
102	Hera (Concrete Plant)	Kill squad	1050	250	1300	6 Boar	RSQ07_C02_K_M	RSQ07_Dialog_Barmen_RSQ_quest_2_58568	RSQ07_C02_K_M_SpawnObjectNPCMonster_BP_SquadPlaceholder_Variant_15	RSQ07_C02_K_M_reward_102
103	Hera (Concrete Plant)	Kill squad	875	250	1125	7 Flesh	RSQ07_C02_K_M	RSQ07_Dialog_Barmen_RSQ_quest_2_58568	RSQ07_C02_K_M_SpawnObjectNPCMonster_BP_SquadPlaceholder_Variant_4	RSQ07_C02_K_M_reward_103
104	Hera (Concrete Plant)	Kill squad	625	250	875	5 Flesh	RSQ07_C02_K_M	RSQ07_Dialog_Barmen_RSQ_quest_2_58568	RSQ07_C02_K_M_SpawnObjectNPCMonster_BP_SquadPlaceholder_Variant_5	RSQ07_C02_K_M_reward_104
105	Hera (Concrete Plant)	Kill squad	2250	250	2500	12 Blinddog	RSQ07_C02_K_M	RSQ07_Dialog_Barmen_RSQ_quest_2_58568	RSQ07_C02_K_M_SpawnObjectNPCMonster_BP_SquadPlaceholder_Variant_6	RSQ07_C02_K_M_reward_105
106	Hera (Concrete Plant)	Kill squad	950	250	1200	1 PseudoDog	RSQ07_C02_K_M	RSQ07_Dialog_Barmen_RSQ_quest_2_58568	RSQ07_C02_K_M_SpawnObjectNPCMonster_BP_SquadPlaceholder_Variant_7	RSQ07_C02_K_M_reward_106
107	Hera (Concrete Plant)	Kill squad	750	250	1000	6 Flesh	RSQ07_C03_K_M	RSQ07_Dialog_Barmen_RSQ_quest_3_58570	RSQ07_C03_K_M_SpawnObjectNPCMonster_BP_SquadPlaceholder_Variant_10	RSQ07_C03_K_M_reward_107
108	Hera (Concrete Plant)	Kill squad	1250	250	1500	20 Tushkan	RSQ07_C03_K_M	RSQ07_Dialog_Barmen_RSQ_quest_3_58571	RSQ07_C03_K_M_SpawnObjectNPCMonster_BP_SquadPlaceholder_Variant_11	RSQ07_C03_K_M_reward_108
109	Hera (Concrete Plant)	Kill squad	875	250	1125	7 Flesh	RSQ07_C03_K_M	RSQ07_Dialog_Barmen_RSQ_quest_3_58572	RSQ07_C03_K_M_SpawnObjectNPCMonster_BP_SquadPlaceholder_Variant_14	RSQ07_C03_K_M_reward_109
110	Hera (Concrete Plant)	Kill squad	1050	250	1300	6 Boar	RSQ07_C03_K_M	RSQ07_Dialog_Barmen_RSQ_quest_3_58573	RSQ07_C03_K_M_SpawnObjectNPCMonster_BP_SquadPlaceholder_Variant_15	RSQ07_C03_K_M_reward_110
111	Hera (Concrete Plant)	Kill squad	1250	250	1500	20 Tushkan	RSQ07_C03_K_M	RSQ07_Dialog_Barmen_RSQ_quest_3_58574	RSQ07_C03_K_M_SpawnObjectNPCMonster_BP_SquadPlaceholder_Variant_5	RSQ07_C03_K_M_reward_111
112	Hera (Concrete Plant)	Kill squad	1750	250	2000	2 Bloodsucker	RSQ07_C03_K_M	RSQ07_Dialog_Barmen_RSQ_quest_3_58575	RSQ07_C03_K_M_SpawnObjectNPCMonster_BP_SquadPlaceholder_Variant_7	RSQ07_C03_K_M_reward_112
113	Hera (Concrete Plant)	Kill squad	1750	250	2000	2 GeneralNPC_Bandit_CloseCombat + 3 GeneralNPC_Bandit_Recon + 2 GeneralNPC_Bandit_Stormtrooper	RSQ07_C04_K_B	RSQ07_Dialog_Barmen_RSQ_quest_4_58575	RSQ07_C04_K_B_SpawnObjectNPCMonster_BP_SquadPlaceholder_Variant_10	RSQ07_C04_K_B_reward_113
114	Hera (Concrete Plant)	Kill squad	1750	250	2000	2 GeneralNPC_Bandit_CloseCombat + 2 GeneralNPC_Bandit_Recon + 3 GeneralNPC_Bandit_Stormtrooper	RSQ07_C04_K_B	RSQ07_Dialog_Barmen_RSQ_quest_4_58576	RSQ07_C04_K_B_SpawnObjectNPCMonster_BP_SquadPlaceholder_Variant_11	RSQ07_C04_K_B_reward_114
115	Hera (Concrete Plant)	Kill squad	1750	250	2000	3 GeneralNPC_Bandit_CloseCombat + 2 GeneralNPC_Bandit_Recon + 2 GeneralNPC_Bandit_Stormtrooper	RSQ07_C04_K_B	RSQ07_Dialog_Barmen_RSQ_quest_4_58577	RSQ07_C04_K_B_SpawnObjectNPCMonster_BP_SquadPlaceholder_Variant_14	RSQ07_C04_K_B_reward_115
116	Hera (Concrete Plant)	Kill squad	1750	250	2000	2 GeneralNPC_Bandit_CloseCombat + 2 GeneralNPC_Bandit_Recon + 3 GeneralNPC_Bandit_Stormtrooper	RSQ07_C04_K_B	RSQ07_Dialog_Barmen_RSQ_quest_4_58578	RSQ07_C04_K_B_SpawnObjectNPCMonster_BP_SquadPlaceholder_Variant_15	RSQ07_C04_K_B_reward_116
117	Hera (Concrete Plant)	Kill squad	1750	250	2000	2 GeneralNPC_Bandit_CloseCombat + 2 GeneralNPC_Bandit_Recon + 3 GeneralNPC_Bandit_Stormtrooper	RSQ07_C04_K_B	RSQ07_Dialog_Barmen_RSQ_quest_4_58579	RSQ07_C04_K_B_SpawnObjectNPCMonster_BP_SquadPlaceholder_Variant_4	RSQ07_C04_K_B_reward_117
118	Hera (Concrete Plant)	Kill squad	1750	250	2000	2 GeneralNPC_Bandit_CloseCombat + 2 GeneralNPC_Bandit_Recon + 3 GeneralNPC_Bandit_Stormtrooper	RSQ07_C04_K_B	RSQ07_Dialog_Barmen_RSQ_quest_4_58580	RSQ07_C04_K_B_SpawnObjectNPCMonster_BP_SquadPlaceholder_Variant_5	RSQ07_C04_K_B_reward_118
119	Hera (Concrete Plant)	Kill squad	1750	250	2000	2 GeneralNPC_Bandit_CloseCombat + 3 GeneralNPC_Bandit_Recon + 2 GeneralNPC_Bandit_Stormtrooper	RSQ07_C04_K_B	RSQ07_Dialog_Barmen_RSQ_quest_4_58581	RSQ07_C04_K_B_SpawnObjectNPCMonster_BP_SquadPlaceholder_Variant_6	RSQ07_C04_K_B_reward_119
120	Hera (Concrete Plant)	Kill squad	1750	250	2000	2 GeneralNPC_Bandit_CloseCombat + 2 GeneralNPC_Bandit_Recon + 3 GeneralNPC_Bandit_Stormtrooper	RSQ07_C04_K_B	RSQ07_Dialog_Barmen_RSQ_quest_4_58582	RSQ07_C04_K_B_SpawnObjectNPCMonster_BP_SquadPlaceholder_Variant_7	RSQ07_C04_K_B_reward_120
121	Hera (Concrete Plant)	Pick up a package	875	500	1375	1 Bloodsucker	RSQ07_C05_B_B	RSQ07_Dialog_Barmen_RSQ_quest_5_58579	RSQ07_C05_B_B_SpawnObjectNPCMonster__BP_ItemContainerPlaceholder_V3_12	RSQ07_C05_B_B_reward_121
122	Hera (Concrete Plant)	Pick up a package	1250	500	1750	5 Snork	RSQ07_C05_B_B	RSQ07_Dialog_Barmen_RSQ_quest_5_58579	RSQ07_C05_B_B_SpawnObjectNPCMonster__BP_ItemContainerPlaceholder_V3_4	RSQ07_C05_B_B_reward_122
123	Hera (Concrete Plant)	Pick up a package	1750	500	2250	3 GeneralNPC_Bandit_Stormtrooper + 4 GeneralNPC_Bandit_Recon	RSQ07_C05_B_B	RSQ07_Dialog_Barmen_RSQ_quest_5_58579	RSQ07_C05_B_B_SpawnObjectNPCMonster__BP_ItemContainerPlaceholder_V3_8	RSQ07_C05_B_B_reward_123
124	Hera (Concrete Plant)	Get Artifact	20000	0	20000	Tourist's Breakfast	RSQ07_C06_B_A	RSQ07_Dialog_Barmen_RSQ_quest_6_58586		RSQ07_C06_B_A_reward_124
125	Hera (Concrete Plant)	Get Artifact	20000	0	20000	Flytrap	RSQ07_C07_B_A	RSQ07_Dialog_Barmen_RSQ_quest_7_58588		RSQ07_C07_B_A_reward_125
126	Hera (Concrete Plant)	Get Artifact	20000	0	20000	Lantern	RSQ07_C08_B_A	RSQ07_Dialog_Barmen_RSQ_quest_8_58589		RSQ07_C08_B_A_reward_126
127	Hera (Concrete Plant)	Pick up a package	1550	500	2050	3 GeneralNPC_Freedom_Stormtrooper + 2 GeneralNPC_Freedom_CloseCombat	RSQ07_C09_S_P	RSQ07_Dialog_Barmen_RSQ_special_task_63688	RSQ07_C09_S_P_SpawnObjectNPCMonster_BP_SquadPlaceholder_S_P_C09	RSQ07_C09_S_P_reward_127
128	Hera (Concrete Plant)	Pick up a package	1875	500	2375	4 GeneralNPC_Freedom_Recon + 2 GeneralNPC_Freedom_Stormtrooper	RSQ07_C09_S_P	RSQ07_Dialog_Barmen_RSQ_special_task_63688	RSQ07_C09_S_P_SpawnObjectNPCMonster_BP_SquadPlaceholder_S_P_C09_1	RSQ07_C09_S_P_reward_128
129	Barkeep (Rostok Bar)	Kill squad	1575	250	1825	25 Tushkan	RSQ08_C01_K_M	RSQ08_Dialog_Barmen_RSQ_quest_1_59229	RSQ08_C01_K_M_SpawnObjectNPCMonster_BP_SquadPlaceholder_Variant_10	RSQ08_C01_K_M_reward_129
130	Barkeep (Rostok Bar)	Kill squad	2250	250	2500	6 Rat	RSQ08_C01_K_M	RSQ08_Dialog_Barmen_RSQ_quest_1_59229	RSQ08_C01_K_M_SpawnObjectNPCMonster_BP_SquadPlaceholder_Variant_11	RSQ08_C01_K_M_reward_130
131	Barkeep (Rostok Bar)	Kill squad	2000	250	2250	8 Snork	RSQ08_C01_K_M	RSQ08_Dialog_Barmen_RSQ_quest_1_59229	RSQ08_C01_K_M_SpawnObjectNPCMonster_BP_SquadPlaceholder_Variant_14	RSQ08_C01_K_M_reward_131
132	Barkeep (Rostok Bar)	Kill squad	750	250	1000	6 Flesh	RSQ08_C01_K_M	RSQ08_Dialog_Barmen_RSQ_quest_1_59229	RSQ08_C01_K_M_SpawnObjectNPCMonster_BP_SquadPlaceholder_Variant_15	RSQ08_C01_K_M_reward_132
133	Barkeep (Rostok Bar)	Kill squad	1000	250	1250	4 Snork	RSQ08_C01_K_M	RSQ08_Dialog_Barmen_RSQ_quest_1_59229	RSQ08_C01_K_M_SpawnObjectNPCMonster_BP_SquadPlaceholder_Variant_4	RSQ08_C01_K_M_reward_133
134	Barkeep (Rostok Bar)	Kill squad	1500	250	1750	6 Snork	RSQ08_C01_K_M	RSQ08_Dialog_Barmen_RSQ_quest_1_59229	RSQ08_C01_K_M_SpawnObjectNPCMonster_BP_SquadPlaceholder_Variant_5	RSQ08_C01_K_M_reward_134
135	Barkeep (Rostok Bar)	Kill squad	2250	250	2500	12 Blinddog	RSQ08_C01_K_M	RSQ08_Dialog_Barmen_RSQ_quest_1_59229	RSQ08_C01_K_M_SpawnObjectNPCMonster_BP_SquadPlaceholder_Variant_6	RSQ08_C01_K_M_reward_135
136	Barkeep (Rostok Bar)	Kill squad	1575	250	1825	25 Tushkan	RSQ08_C01_K_M	RSQ08_Dialog_Barmen_RSQ_quest_1_59229	RSQ08_C01_K_M_SpawnObjectNPCMonster_BP_SquadPlaceholder_Variant_7	RSQ08_C01_K_M_reward_136
137	Barkeep (Rostok Bar)	Kill squad	1500	250	1750	2 GeneralNPC_Bandit_CloseCombat + 1 GeneralNPC_Bandit_Recon + 3 GeneralNPC_Bandit_Stormtrooper	RSQ08_C02_K_B	RSQ08_Dialog_Barmen_RSQ_quest_2_59231	RSQ08_C02_K_B_SpawnObjectNPCMonster_BP_SquadPlaceholder_Variant_10	RSQ08_C02_K_B_reward_137
138	Barkeep (Rostok Bar)	Kill squad	1750	250	2000	2 GeneralNPC_Bandit_CloseCombat + 2 GeneralNPC_Bandit_Recon + 3 GeneralNPC_Bandit_Stormtrooper	RSQ08_C02_K_B	RSQ08_Dialog_Barmen_RSQ_quest_2_59231	RSQ08_C02_K_B_SpawnObjectNPCMonster_BP_SquadPlaceholder_Variant_11	RSQ08_C02_K_B_reward_138
139	Barkeep (Rostok Bar)	Kill squad	1500	250	1750	2 GeneralNPC_Bandit_CloseCombat + 1 GeneralNPC_Bandit_Recon + 3 GeneralNPC_Bandit_Stormtrooper	RSQ08_C02_K_B	RSQ08_Dialog_Barmen_RSQ_quest_2_59231	RSQ08_C02_K_B_SpawnObjectNPCMonster_BP_SquadPlaceholder_Variant_14	RSQ08_C02_K_B_reward_139
140	Barkeep (Rostok Bar)	Kill squad	1750	250	2000	2 GeneralNPC_Bandit_CloseCombat + 2 GeneralNPC_Bandit_Recon + 3 GeneralNPC_Bandit_Stormtrooper	RSQ08_C02_K_B	RSQ08_Dialog_Barmen_RSQ_quest_2_59231	RSQ08_C02_K_B_SpawnObjectNPCMonster_BP_SquadPlaceholder_Variant_15	RSQ08_C02_K_B_reward_140
141	Barkeep (Rostok Bar)	Kill squad	1750	250	2000	3 GeneralNPC_Bandit_CloseCombat + 1 GeneralNPC_Bandit_Recon + 3 GeneralNPC_Bandit_Stormtrooper	RSQ08_C02_K_B	RSQ08_Dialog_Barmen_RSQ_quest_2_59231	RSQ08_C02_K_B_SpawnObjectNPCMonster_BP_SquadPlaceholder_Variant_4	RSQ08_C02_K_B_reward_141
142	Barkeep (Rostok Bar)	Kill squad	1750	250	2000	2 GeneralNPC_Bandit_CloseCombat + 2 GeneralNPC_Bandit_Recon + 3 GeneralNPC_Bandit_Stormtrooper	RSQ08_C02_K_B	RSQ08_Dialog_Barmen_RSQ_quest_2_59231	RSQ08_C02_K_B_SpawnObjectNPCMonster_BP_SquadPlaceholder_Variant_5	RSQ08_C02_K_B_reward_142
143	Barkeep (Rostok Bar)	Kill squad	1500	250	1750	2 GeneralNPC_Bandit_CloseCombat + 1 GeneralNPC_Bandit_Recon + 3 GeneralNPC_Bandit_Stormtrooper	RSQ08_C02_K_B	RSQ08_Dialog_Barmen_RSQ_quest_2_59231	RSQ08_C02_K_B_SpawnObjectNPCMonster_BP_SquadPlaceholder_Variant_6	RSQ08_C02_K_B_reward_143
144	Barkeep (Rostok Bar)	Kill squad	1750	250	2000	2 GeneralNPC_Bandit_CloseCombat + 2 GeneralNPC_Bandit_Recon + 3 GeneralNPC_Bandit_Stormtrooper	RSQ08_C02_K_B	RSQ08_Dialog_Barmen_RSQ_quest_2_59231	RSQ08_C02_K_B_SpawnObjectNPCMonster_BP_SquadPlaceholder_Variant_7	RSQ08_C02_K_B_reward_144
145	Barkeep (Rostok Bar)	Kill squad	1200	250	1450	2 GeneralNPC_Neutral_CloseCombat + 2 GeneralNPC_Neutral_Recon + 2 GeneralNPC_Neutral_Stormtrooper	RSQ08_C03_K_S	RSQ08_Dialog_Barmen_RSQ_quest_3_59233	RSQ08_C03_K_S_SpawnObjectNPCMonster_BP_SquadPlaceholder_Variant_10	RSQ08_C03_K_S_reward_145
146	Barkeep (Rostok Bar)	Kill squad	1200	250	1450	2 GeneralNPC_Neutral_CloseCombat + 2 GeneralNPC_Neutral_Recon + 2 GeneralNPC_Neutral_Stormtrooper	RSQ08_C03_K_S	RSQ08_Dialog_Barmen_RSQ_quest_3_59233	RSQ08_C03_K_S_SpawnObjectNPCMonster_BP_SquadPlaceholder_Variant_11	RSQ08_C03_K_S_reward_146
147	Barkeep (Rostok Bar)	Kill squad	1200	250	1450	2 GeneralNPC_Neutral_CloseCombat + 1 GeneralNPC_Neutral_Recon + 3 GeneralNPC_Neutral_Stormtrooper	RSQ08_C03_K_S	RSQ08_Dialog_Barmen_RSQ_quest_3_59233	RSQ08_C03_K_S_SpawnObjectNPCMonster_BP_SquadPlaceholder_Variant_14	RSQ08_C03_K_S_reward_147
148	Barkeep (Rostok Bar)	Kill squad	1200	250	1450	1 GeneralNPC_Neutral_CloseCombat + 3 GeneralNPC_Neutral_Recon + 2 GeneralNPC_Neutral_Stormtrooper	RSQ08_C03_K_S	RSQ08_Dialog_Barmen_RSQ_quest_3_59233	RSQ08_C03_K_S_SpawnObjectNPCMonster_BP_SquadPlaceholder_Variant_15	RSQ08_C03_K_S_reward_148
149	Barkeep (Rostok Bar)	Kill squad	1100	250	1350	2 GeneralNPC_Neutral_CloseCombat + 2 GeneralNPC_Neutral_Recon + 1 GeneralNPC_Neutral_Stormtrooper	RSQ08_C03_K_S	RSQ08_Dialog_Barmen_RSQ_quest_3_59233	RSQ08_C03_K_S_SpawnObjectNPCMonster_BP_SquadPlaceholder_Variant_4	RSQ08_C03_K_S_reward_149
150	Barkeep (Rostok Bar)	Kill squad	1200	250	1450	2 GeneralNPC_Neutral_CloseCombat + 2 GeneralNPC_Neutral_Recon + 2 GeneralNPC_Neutral_Stormtrooper	RSQ08_C03_K_S	RSQ08_Dialog_Barmen_RSQ_quest_3_59233	RSQ08_C03_K_S_SpawnObjectNPCMonster_BP_SquadPlaceholder_Variant_5	RSQ08_C03_K_S_reward_150
151	Barkeep (Rostok Bar)	Kill squad	1200	250	1450	2 GeneralNPC_Neutral_CloseCombat + 1 GeneralNPC_Neutral_Recon + 3 GeneralNPC_Neutral_Stormtrooper	RSQ08_C03_K_S	RSQ08_Dialog_Barmen_RSQ_quest_3_59233	RSQ08_C03_K_S_SpawnObjectNPCMonster_BP_SquadPlaceholder_Variant_6	RSQ08_C03_K_S_reward_151
152	Barkeep (Rostok Bar)	Kill squad	1200	250	1450	2 GeneralNPC_Neutral_CloseCombat + 2 GeneralNPC_Neutral_Recon + 2 GeneralNPC_Neutral_Stormtrooper	RSQ08_C03_K_S	RSQ08_Dialog_Barmen_RSQ_quest_3_59233	RSQ08_C03_K_S_SpawnObjectNPCMonster_BP_SquadPlaceholder_Variant_7	RSQ08_C03_K_S_reward_152
153	Barkeep (Rostok Bar)	Pick up a package	875	500	1375	7 Snork (1/5 probability)	RSQ08_C04_B_B	RSQ08_Dialog_Barmen_RSQ_quest_4_59235		RSQ08_C04_B_B_reward_153
154	Barkeep (Rostok Bar)	Pick up a package	1000	500	1500	4 Snork	RSQ08_C05_B_B	RSQ08_Dialog_Barmen_RSQ_quest_5_59237		RSQ08_C05_B_B_reward_154
155	Barkeep (Rostok Bar)	Get Artifact	70000	0	70000	Magic Cube	RSQ08_C06_B_A	RSQ08_Dialog_Barmen_RSQ_quest_6_59239		RSQ08_C06_B_A_reward_155
156	Barkeep (Rostok Bar)	Get Artifact	20000	0	20000	Dead Sponge	RSQ08_C07_B_A	RSQ08_Dialog_Barmen_RSQ_quest_7_59241		RSQ08_C07_B_A_reward_156
157	Barkeep (Rostok Bar)	Get Artifact	36000	0	36000	Petal	RSQ08_C08_B_A	RSQ08_Dialog_Barmen_RSQ_quest_8_63558		RSQ08_C08_B_A_reward_157
158	Barkeep (Rostok Bar)	Kill squad	950	500	1450	3 GeneralNPC_Duty_Recon	RSQ08_C09_S_P	RSQ08_Dialog_Barmen_RSQ_special_task_59227	RSQ08_C09_S_P_SpawnObjectNPCMonster_BP_SquadPlaceholder_S_P_C09	RSQ08_C09_S_P_reward_158
159	Barkeep (Rostok Bar)	Kill squad	1875	500	2375	1 GeneralNPC_Duty_CloseCombat + 2 GeneralNPC_Duty_Heavy + 3 GeneralNPC_Duty_Stormtrooper	RSQ08_C09_S_P	RSQ08_Dialog_Barmen_RSQ_special_task_59227	RSQ08_C09_S_P_SpawnObjectNPCMonster_BP_SquadPlaceholder_S_P_C09_1	RSQ08_C09_S_P_reward_159
160	Needle (Malachite)	Kill squad	1875	375	2250	5 Rat	RSQ09_C01_K_M	RSQ09_Dialog_Spica_RSQ_quest_1_60448	RSQ09_C01_K_M_SpawnObjectNPCMonster_BP_SquadPlaceholder_Variant_10	RSQ09_C01_K_M_reward_160
161	Needle (Malachite)	Kill squad	1500	375	1875	8 GeneralZombie_Neutral_Stormtrooper	RSQ09_C01_K_M	RSQ09_Dialog_Spica_RSQ_quest_1_60448	RSQ09_C01_K_M_SpawnObjectNPCMonster_BP_SquadPlaceholder_Variant_11	RSQ09_C01_K_M_reward_161
162	Needle (Malachite)	Kill squad	2100	375	2475	11 Blinddog	RSQ09_C01_K_M	RSQ09_Dialog_Spica_RSQ_quest_1_60448	RSQ09_C01_K_M_SpawnObjectNPCMonster_BP_SquadPlaceholder_Variant_14	RSQ09_C01_K_M_reward_162
163	Needle (Malachite)	Kill squad	1050	375	1425	6 Boar	RSQ09_C01_K_M	RSQ09_Dialog_Spica_RSQ_quest_1_60448	RSQ09_C01_K_M_SpawnObjectNPCMonster_BP_SquadPlaceholder_Variant_15	RSQ09_C01_K_M_reward_163
164	Needle (Malachite)	Kill squad	925	375	1300	1 PseudoDog	RSQ09_C01_K_M	RSQ09_Dialog_Spica_RSQ_quest_1_60448	RSQ09_C01_K_M_SpawnObjectNPCMonster_BP_SquadPlaceholder_Variant_4	RSQ09_C01_K_M_reward_164
165	Needle (Malachite)	Kill squad	2000	375	2375	8 Snork	RSQ09_C01_K_M	RSQ09_Dialog_Spica_RSQ_quest_1_60448	RSQ09_C01_K_M_SpawnObjectNPCMonster_BP_SquadPlaceholder_Variant_5	RSQ09_C01_K_M_reward_165
166	Needle (Malachite)	Kill squad	750	375	1125	6 Flesh	RSQ09_C01_K_M	RSQ09_Dialog_Spica_RSQ_quest_1_60448	RSQ09_C01_K_M_SpawnObjectNPCMonster_BP_SquadPlaceholder_Variant_6	RSQ09_C01_K_M_reward_166
167	Needle (Malachite)	Kill squad	1875	375	2250	30 Tushkan	RSQ09_C01_K_M	RSQ09_Dialog_Spica_RSQ_quest_1_60448	RSQ09_C01_K_M_SpawnObjectNPCMonster_BP_SquadPlaceholder_Variant_7	RSQ09_C01_K_M_reward_167
168	Needle (Malachite)	Kill squad	875	375	1250	1 Bloodsucker	RSQ09_C02_K_M	RSQ09_Dialog_Spica_RSQ_quest_2_60449	RSQ09_C02_K_M_SpawnObjectNPCMonster_BP_SquadPlaceholder_Variant_10	RSQ09_C02_K_M_reward_168
169	Needle (Malachite)	Kill squad	1050	375	1425	6 Boar	RSQ09_C02_K_M	RSQ09_Dialog_Spica_RSQ_quest_2_60449	RSQ09_C02_K_M_SpawnObjectNPCMonster_BP_SquadPlaceholder_Variant_11	RSQ09_C02_K_M_reward_169
170	Needle (Malachite)	Kill squad	750	375	1125	6 Flesh	RSQ09_C02_K_M	RSQ09_Dialog_Spica_RSQ_quest_2_60449	RSQ09_C02_K_M_SpawnObjectNPCMonster_BP_SquadPlaceholder_Variant_14	RSQ09_C02_K_M_reward_170
171	Needle (Malachite)	Kill squad	2250	375	2625	9 Snork	RSQ09_C02_K_M	RSQ09_Dialog_Spica_RSQ_quest_2_60449	RSQ09_C02_K_M_SpawnObjectNPCMonster_BP_SquadPlaceholder_Variant_15	RSQ09_C02_K_M_reward_171
172	Needle (Malachite)	Kill squad	1750	375	2125	2 Bloodsucker	RSQ09_C02_K_M	RSQ09_Dialog_Spica_RSQ_quest_2_60449	RSQ09_C02_K_M_SpawnObjectNPCMonster_BP_SquadPlaceholder_Variant_4	RSQ09_C02_K_M_reward_172
173	Needle (Malachite)	Kill squad	1050	375	1425	6 Boar	RSQ09_C02_K_M	RSQ09_Dialog_Spica_RSQ_quest_2_60449	RSQ09_C02_K_M_SpawnObjectNPCMonster_BP_SquadPlaceholder_Variant_5	RSQ09_C02_K_M_reward_173
174	Needle (Malachite)	Kill squad	2500	375	2875	10 Snork	RSQ09_C02_K_M	RSQ09_Dialog_Spica_RSQ_quest_2_60449	RSQ09_C02_K_M_SpawnObjectNPCMonster_BP_SquadPlaceholder_Variant_6	RSQ09_C02_K_M_reward_174
175	Needle (Malachite)	Kill squad	1300	375	1675	4 GeneralZombie_Neutral_Recon + 3 GeneralZombie_Neutral_Stormtrooper	RSQ09_C02_K_M	RSQ09_Dialog_Spica_RSQ_quest_2_60449	RSQ09_C02_K_M_SpawnObjectNPCMonster_BP_SquadPlaceholder_Variant_7	RSQ09_C02_K_M_reward_175
176	Needle (Malachite)	Kill squad	1875	375	2250	3 GeneralZombie_Freedom_Recon + 4 GeneralZombie_Freedom_Stormtrooper	RSQ09_C03_K_M	RSQ09_Dialog_Spica_RSQ_quest_3_60450	RSQ09_C03_K_M_SpawnObjectNPCMonster_BP_SquadPlaceholder_Variant_10	RSQ09_C03_K_M_reward_176
177	Needle (Malachite)	Kill squad	2000	375	2375	8 Snork	RSQ09_C03_K_M	RSQ09_Dialog_Spica_RSQ_quest_3_60450	RSQ09_C03_K_M_SpawnObjectNPCMonster_BP_SquadPlaceholder_Variant_11	RSQ09_C03_K_M_reward_177
178	Needle (Malachite)	Kill squad	1500	375	1875	4 Rat	RSQ09_C03_K_M	RSQ09_Dialog_Spica_RSQ_quest_3_60450	RSQ09_C03_K_M_SpawnObjectNPCMonster_BP_SquadPlaceholder_Variant_4	RSQ09_C03_K_M_reward_178
179	Needle (Malachite)	Kill squad	750	375	1125	6 Flesh	RSQ09_C03_K_M	RSQ09_Dialog_Spica_RSQ_quest_3_60450	RSQ09_C03_K_M_SpawnObjectNPCMonster_BP_SquadPlaceholder_Variant_5	RSQ09_C03_K_M_reward_179
180	Needle (Malachite)	Kill squad	1050	375	1425	6 Boar	RSQ09_C03_K_M	RSQ09_Dialog_Spica_RSQ_quest_3_60450	RSQ09_C03_K_M_SpawnObjectNPCMonster_BP_SquadPlaceholder_Variant_6	RSQ09_C03_K_M_reward_180
181	Needle (Malachite)	Kill squad	2250	375	2625	12 Blinddog	RSQ09_C03_K_M	RSQ09_Dialog_Spica_RSQ_quest_3_60450	RSQ09_C03_K_M_SpawnObjectNPCMonster_BP_SquadPlaceholder_Variant_7	RSQ09_C03_K_M_reward_181
182	Needle (Malachite)	Kill squad	1200	375	1575	2 GeneralNPC_Neutral_CloseCombat + 3 GeneralNPC_Neutral_Recon + 2 GeneralNPC_NeutralBandit_Stormtrooper	RSQ09_C04_K_S	RSQ09_Dialog_Spica_RSQ_quest_4_60451	RSQ09_C04_K_S_SpawnObjectNPCMonster_BP_SquadPlaceholder_Variant_10	RSQ09_C04_K_S_reward_182
183	Needle (Malachite)	Kill squad	1200	375	1575	2 GeneralNPC_Neutral_CloseCombat + 2 GeneralNPC_Neutral_Recon + 3 GeneralNPC_NeutralBandit_Stormtrooper	RSQ09_C04_K_S	RSQ09_Dialog_Spica_RSQ_quest_4_60451	RSQ09_C04_K_S_SpawnObjectNPCMonster_BP_SquadPlaceholder_Variant_11	RSQ09_C04_K_S_reward_183
184	Needle (Malachite)	Kill squad	1200	375	1575	1 GeneralNPC_Neutral_CloseCombat + 3 GeneralNPC_Neutral_Recon + 3 GeneralNPC_NeutralBandit_Stormtrooper	RSQ09_C04_K_S	RSQ09_Dialog_Spica_RSQ_quest_4_60451	RSQ09_C04_K_S_SpawnObjectNPCMonster_BP_SquadPlaceholder_Variant_14	RSQ09_C04_K_S_reward_184
185	Needle (Malachite)	Kill squad	1200	375	1575	2 GeneralNPC_Neutral_CloseCombat + 2 GeneralNPC_Neutral_Recon + 3 GeneralNPC_NeutralBandit_Stormtrooper	RSQ09_C04_K_S	RSQ09_Dialog_Spica_RSQ_quest_4_60451	RSQ09_C04_K_S_SpawnObjectNPCMonster_BP_SquadPlaceholder_Variant_15	RSQ09_C04_K_S_reward_185
186	Needle (Malachite)	Kill squad	1200	375	1575	3 GeneralNPC_Neutral_CloseCombat + 1 GeneralNPC_Neutral_Recon + 3 GeneralNPC_NeutralBandit_Stormtrooper	RSQ09_C04_K_S	RSQ09_Dialog_Spica_RSQ_quest_4_60451	RSQ09_C04_K_S_SpawnObjectNPCMonster_BP_SquadPlaceholder_Variant_4	RSQ09_C04_K_S_reward_186
187	Needle (Malachite)	Kill squad	1200	375	1575	2 GeneralNPC_Neutral_CloseCombat + 2 GeneralNPC_Neutral_Recon + 3 GeneralNPC_NeutralBandit_Stormtrooper	RSQ09_C04_K_S	RSQ09_Dialog_Spica_RSQ_quest_4_60451	RSQ09_C04_K_S_SpawnObjectNPCMonster_BP_SquadPlaceholder_Variant_5	RSQ09_C04_K_S_reward_187
188	Needle (Malachite)	Kill squad	1200	375	1575	1 GeneralNPC_Neutral_CloseCombat + 3 GeneralNPC_Neutral_Recon + 3 GeneralNPC_NeutralBandit_Stormtrooper	RSQ09_C04_K_S	RSQ09_Dialog_Spica_RSQ_quest_4_60451	RSQ09_C04_K_S_SpawnObjectNPCMonster_BP_SquadPlaceholder_Variant_6	RSQ09_C04_K_S_reward_188
189	Needle (Malachite)	Kill squad	1200	375	1575	2 GeneralNPC_Neutral_CloseCombat + 2 GeneralNPC_Neutral_Recon + 3 GeneralNPC_NeutralBandit_Stormtrooper	RSQ09_C04_K_S	RSQ09_Dialog_Spica_RSQ_quest_4_60451	RSQ09_C04_K_S_SpawnObjectNPCMonster_BP_SquadPlaceholder_Variant_7	RSQ09_C04_K_S_reward_189
190	Needle (Malachite)	Pick up a package	750	750	1500	-	RSQ09_C05_B_B	RSQ09_Dialog_Spica_RSQ_quest_5_60452		RSQ09_C05_B_B_reward_190
191	Needle (Malachite)	Get Artifact	20000	0	20000	Magma	RSQ09_C06_B_A	RSQ09_Dialog_Spica_RSQ_quest_6_60453		RSQ09_C06_B_A_reward_191
192	Needle (Malachite)	Get Artifact	36000	0	36000	Skipjack	RSQ09_C07_B_A	RSQ09_Dialog_Spica_RSQ_quest_7_60454		RSQ09_C07_B_A_reward_192
193	Needle (Malachite)	Get Artifact	36000	0	36000	Flower Bud	RSQ09_C08_B_A	RSQ09_Dialog_Spica_RSQ_quest_8_60455		RSQ09_C08_B_A_reward_193
194	Needle (Malachite)	Reset equipment	750	2250	3000	3 points	RSQ09_C09_S_P	RSQ09_Dialog_Spica_RSQ_special_task_63713		RSQ09_C09_S_P_reward_194
195	Harpy (Yaniv)	Kill squad	1875	375	2250	30 Tushkan	RSQ10_C01_K_M	RSQ10_Dialog_Harpy_RSQ_quest_1_61516	RSQ10_C01_K_M_SpawnObjectNPCMonster_BP_SquadPlaceholder_Variant_10	RSQ10_C01_K_M_reward_195
196	Harpy (Yaniv)	Kill squad	2500	375	2875	10 Snork	RSQ10_C01_K_M	RSQ10_Dialog_Harpy_RSQ_quest_1_61516	RSQ10_C01_K_M_SpawnObjectNPCMonster_BP_SquadPlaceholder_Variant_11	RSQ10_C01_K_M_reward_196
197	Harpy (Yaniv)	Kill squad	2500	375	2875	1 Poltergeist	RSQ10_C01_K_M	RSQ10_Dialog_Harpy_RSQ_quest_1_61516	RSQ10_C01_K_M_SpawnObjectNPCMonster_BP_SquadPlaceholder_Variant_14	RSQ10_C01_K_M_reward_197
198	Harpy (Yaniv)	Kill squad	375	375	750	1 Bayun	RSQ10_C01_K_M	RSQ10_Dialog_Harpy_RSQ_quest_1_61516	RSQ10_C01_K_M_SpawnObjectNPCMonster_BP_SquadPlaceholder_Variant_15	RSQ10_C01_K_M_reward_198
199	Harpy (Yaniv)	Kill squad	375	375	750	2 PseudoDog	RSQ10_C01_K_M	RSQ10_Dialog_Harpy_RSQ_quest_1_61516	RSQ10_C01_K_M_SpawnObjectNPCMonster_BP_SquadPlaceholder_Variant_4	RSQ10_C01_K_M_reward_199
200	Harpy (Yaniv)	Kill squad	2500	375	2875	10 Snork	RSQ10_C01_K_M	RSQ10_Dialog_Harpy_RSQ_quest_1_61516	RSQ10_C01_K_M_SpawnObjectNPCMonster_BP_SquadPlaceholder_Variant_5	RSQ10_C01_K_M_reward_200
201	Harpy (Yaniv)	Kill squad	2500	375	2875	1 Deer	RSQ10_C01_K_M	RSQ10_Dialog_Harpy_RSQ_quest_1_61516	RSQ10_C01_K_M_SpawnObjectNPCMonster_BP_SquadPlaceholder_Variant_6	RSQ10_C01_K_M_reward_201
202	Harpy (Yaniv)	Kill squad	1750	375	2125	2 Bloodsucker	RSQ10_C01_K_M	RSQ10_Dialog_Harpy_RSQ_quest_1_61516	RSQ10_C01_K_M_SpawnObjectNPCMonster_BP_SquadPlaceholder_Variant_7	RSQ10_C01_K_M_reward_202
203	Harpy (Yaniv)	Kill squad	875	375	1250	7 Flesh	RSQ10_C02_K_M	RSQ10_Dialog_Harpy_RSQ_quest_2_61515	RSQ10_C02_K_M_SpawnObjectNPCMonster_BP_SquadPlaceholder_Variant_10	RSQ10_C02_K_M_reward_203
204	Harpy (Yaniv)	Kill squad	2250	375	2625	12 Blinddog	RSQ10_C02_K_M	RSQ10_Dialog_Harpy_RSQ_quest_2_61515	RSQ10_C02_K_M_SpawnObjectNPCMonster_BP_SquadPlaceholder_Variant_11	RSQ10_C02_K_M_reward_204
205	Harpy (Yaniv)	Kill squad	3750	375	4125	1 Pseudogiant	RSQ10_C02_K_M	RSQ10_Dialog_Harpy_RSQ_quest_2_61515	RSQ10_C02_K_M_SpawnObjectNPCMonster_BP_SquadPlaceholder_Variant_14	RSQ10_C02_K_M_reward_205
206	Harpy (Yaniv)	Kill squad	1600	375	1975	25 Tushkan	RSQ10_C02_K_M	RSQ10_Dialog_Harpy_RSQ_quest_2_61515	RSQ10_C02_K_M_SpawnObjectNPCMonster_BP_SquadPlaceholder_Variant_15	RSQ10_C02_K_M_reward_206
207	Harpy (Yaniv)	Kill squad	1750	375	2125	2 Bloodsucker	RSQ10_C02_K_M	RSQ10_Dialog_Harpy_RSQ_quest_2_61515	RSQ10_C02_K_M_SpawnObjectNPCMonster_BP_SquadPlaceholder_Variant_4	RSQ10_C02_K_M_reward_207
208	Harpy (Yaniv)	Kill squad	2800	375	3175	4 GeneralZombie_Corpus_Recon + 3 GeneralZombie_Corpus_Stormtrooper + 2 GeneralZombie_Corpus_Heavy	RSQ10_C02_K_M	RSQ10_Dialog_Harpy_RSQ_quest_2_61515	RSQ10_C02_K_M_SpawnObjectNPCMonster_BP_SquadPlaceholder_Variant_5	RSQ10_C02_K_M_reward_208
209	Harpy (Yaniv)	Kill squad	1625	375	2000	1 Controller	RSQ10_C02_K_M	RSQ10_Dialog_Harpy_RSQ_quest_2_61515	RSQ10_C02_K_M_SpawnObjectNPCMonster_BP_SquadPlaceholder_Variant_6	RSQ10_C02_K_M_reward_209
210	Harpy (Yaniv)	Kill squad	1250	375	1625	1 Burer	RSQ10_C02_K_M	RSQ10_Dialog_Harpy_RSQ_quest_2_61515	RSQ10_C02_K_M_SpawnObjectNPCMonster_BP_SquadPlaceholder_Variant_7	RSQ10_C02_K_M_reward_210
211	Harpy (Yaniv)	Kill squad	1100	375	1475	3 GeneralNPC_Neutral_Stormtrooper + 3 GeneralNPC_Neutral_Recon + 1 GeneralNPC_Neutral_Sniper	RSQ10_C03_K_S	RSQ10_Dialog_Harpy_RSQ_quest_3_61517	RSQ10_C03_K_S_SpawnObjectNPCMonster_BP_SquadPlaceholder_Variant_10	RSQ10_C03_K_S_reward_211
212	Harpy (Yaniv)	Kill squad	1400	375	1775	3 GeneralNPC_Neutral_Stormtrooper + 4 GeneralNPC_Neutral_Recon	RSQ10_C03_K_S	RSQ10_Dialog_Harpy_RSQ_quest_3_61517	RSQ10_C03_K_S_SpawnObjectNPCMonster_BP_SquadPlaceholder_Variant_11	RSQ10_C03_K_S_reward_212
213	Harpy (Yaniv)	Kill squad	2500	375	2875	2 GeneralNPC_Duty_Recon + 2 GeneralNPC_Duty_Stormtrooper + 3 GeneralNPC_Duty_Heavy + 1 GeneralNPC_Duty_CloseCombat	RSQ10_C03_K_S	RSQ10_Dialog_Harpy_RSQ_quest_3_61517	RSQ10_C03_K_S_SpawnObjectNPCMonster_BP_SquadPlaceholder_Variant_14	RSQ10_C03_K_S_reward_213
214	Harpy (Yaniv)	Kill squad	2200	375	2575	2 GeneralNPC_Duty_Recon + 3 GeneralNPC_Duty_Stormtrooper + 2 GeneralNPC_Duty_Heavy	RSQ10_C03_K_S	RSQ10_Dialog_Harpy_RSQ_quest_3_61517	RSQ10_C03_K_S_SpawnObjectNPCMonster_BP_SquadPlaceholder_Variant_15	RSQ10_C03_K_S_reward_214
215	Harpy (Yaniv)	Kill squad	1200	375	1575	2 GeneralNPC_Neutral_Stormtrooper + 4 GeneralNPC_Neutral_Recon	RSQ10_C03_K_S	RSQ10_Dialog_Harpy_RSQ_quest_3_61517	RSQ10_C03_K_S_SpawnObjectNPCMonster_BP_SquadPlaceholder_Variant_4	RSQ10_C03_K_S_reward_215
216	Harpy (Yaniv)	Kill squad	1400	375	1775	4 GeneralNPC_Neutral_Stormtrooper + 2 GeneralNPC_Neutral_Recon + 1 GeneralNPC_Neutral_CloseCombat	RSQ10_C03_K_S	RSQ10_Dialog_Harpy_RSQ_quest_3_61517	RSQ10_C03_K_S_SpawnObjectNPCMonster_BP_SquadPlaceholder_Variant_5	RSQ10_C03_K_S_reward_216
217	Harpy (Yaniv)	Kill squad	2200	375	2575	2 GeneralNPC_Freedom_CloseCombat + 3 GeneralNPC_Freedom_Stormtrooper + 1 GeneralNPC_Freedom_Recon + 1 GeneralNPC_Freedom_Sniper	RSQ10_C03_K_S	RSQ10_Dialog_Harpy_RSQ_quest_3_61517	RSQ10_C03_K_S_SpawnObjectNPCMonster_BP_SquadPlaceholder_Variant_6	RSQ10_C03_K_S_reward_217
218	Harpy (Yaniv)	Kill squad	2200	375	2575	2 GeneralNPC_Freedom_CloseCombat + 3 GeneralNPC_Freedom_Stormtrooper + 2 GeneralNPC_Freedom_Recon	RSQ10_C03_K_S	RSQ10_Dialog_Harpy_RSQ_quest_3_61517	RSQ10_C03_K_S_SpawnObjectNPCMonster_BP_SquadPlaceholder_Variant_7	RSQ10_C03_K_S_reward_218
219	Harpy (Yaniv)	Kill squad	1100	375	1475	3 GeneralNPC_Neutral_Recon + 2 GeneralNPC_Neutral_Stormtrooper	RSQ10_C04_K_S	RSQ10_Dialog_Harpy_RSQ_quest_4_61518	RSQ10_C04_K_S_SpawnObjectNPCMonster_BP_SquadPlaceholder_Variant_10	RSQ10_C04_K_S_reward_219
220	Harpy (Yaniv)	Kill squad	1200	375	1575	3 GeneralNPC_Neutral_Recon + 2 GeneralNPC_Neutral_CloseCombat + 2 GeneralNPC_Neutral_Stormtrooper	RSQ10_C04_K_S	RSQ10_Dialog_Harpy_RSQ_quest_4_61518	RSQ10_C04_K_S_SpawnObjectNPCMonster_BP_SquadPlaceholder_Variant_11	RSQ10_C04_K_S_reward_220
221	Harpy (Yaniv)	Kill squad	1200	375	1575	1 GeneralNPC_Neutral_Recon + 3 GeneralNPC_Neutral_CloseCombat + 2 GeneralNPC_Neutral_Stormtrooper	RSQ10_C04_K_S	RSQ10_Dialog_Harpy_RSQ_quest_4_61518	RSQ10_C04_K_S_SpawnObjectNPCMonster_BP_SquadPlaceholder_Variant_14	RSQ10_C04_K_S_reward_221
222	Harpy (Yaniv)	Kill squad	1200	375	1575	3 GeneralNPC_Neutral_Recon + 2 GeneralNPC_Neutral_CloseCombat + 2 GeneralNPC_Neutral_Stormtrooper	RSQ10_C04_K_S	RSQ10_Dialog_Harpy_RSQ_quest_4_61518	RSQ10_C04_K_S_SpawnObjectNPCMonster_BP_SquadPlaceholder_Variant_15	RSQ10_C04_K_S_reward_222
223	Harpy (Yaniv)	Kill squad	1200	375	1575	2 GeneralNPC_Neutral_Recon + 2 GeneralNPC_Neutral_CloseCombat + 3 GeneralNPC_Neutral_Stormtrooper	RSQ10_C04_K_S	RSQ10_Dialog_Harpy_RSQ_quest_4_61518	RSQ10_C04_K_S_SpawnObjectNPCMonster_BP_SquadPlaceholder_Variant_4	RSQ10_C04_K_S_reward_223
224	Harpy (Yaniv)	Kill squad	1200	375	1575	2 GeneralNPC_Neutral_Recon + 3 GeneralNPC_Neutral_CloseCombat + 2 GeneralNPC_Neutral_Stormtrooper	RSQ10_C04_K_S	RSQ10_Dialog_Harpy_RSQ_quest_4_61518	RSQ10_C04_K_S_SpawnObjectNPCMonster_BP_SquadPlaceholder_Variant_5	RSQ10_C04_K_S_reward_224
225	Harpy (Yaniv)	Kill squad	1200	375	1575	1 GeneralNPC_Neutral_Recon + 3 GeneralNPC_Neutral_CloseCombat + 3 GeneralNPC_Neutral_Stormtrooper	RSQ10_C04_K_S	RSQ10_Dialog_Harpy_RSQ_quest_4_61518	RSQ10_C04_K_S_SpawnObjectNPCMonster_BP_SquadPlaceholder_Variant_6	RSQ10_C04_K_S_reward_225
226	Harpy (Yaniv)	Kill squad	1200	375	1575	2 GeneralNPC_Neutral_Recon + 2 GeneralNPC_Neutral_CloseCombat + 3 GeneralNPC_Neutral_Stormtrooper	RSQ10_C04_K_S	RSQ10_Dialog_Harpy_RSQ_quest_4_61518	RSQ10_C04_K_S_SpawnObjectNPCMonster_BP_SquadPlaceholder_Variant_7	RSQ10_C04_K_S_reward_226
227	Harpy (Yaniv)	Pick up a package	250	750	1000	-	RSQ10_C05_B_B	RSQ10_Dialog_Harpy_RSQ_quest_5_61519		RSQ10_C05_B_B_reward_227
228	Harpy (Yaniv)	Get Artifact	36000	0	36000	Devil's Mushroom	RSQ10_C06_B_A	RSQ10_Dialog_Harpy_RSQ_quest_6_61520		RSQ10_C06_B_A_reward_228
229	Harpy (Yaniv)	Get Artifact	36000	0	36000	Meat Lighter	RSQ10_C07_B_A	RSQ10_Dialog_Harpy_RSQ_quest_7_61521		RSQ10_C07_B_A_reward_229
230	Harpy (Yaniv)	Get Artifact	36000	0	36000	Crest	RSQ10_C08_B_A	RSQ10_Dialog_Harpy_RSQ_quest_8_61522		RSQ10_C08_B_A_reward_230
231	Harpy (Yaniv)	Kill squad	1200	750	1950	6 GeneralNPC_Neutral_Recon	RSQ10_C09_S_P	RSQ10_Dialog_Harpy_RSQ_special_task_63605	RSQ10_C09_S_P_SpawnObjectNPCMonster_BP_SquadPlaceholder_S_P_C09_V1	RSQ10_C09_S_P_reward_231
232	Harpy (Yaniv)	Kill squad	1200	750	1950	6 GeneralNPC_Neutral_Recon	RSQ10_C09_S_P	RSQ10_Dialog_Harpy_RSQ_special_task_63605	RSQ10_C09_S_P_SpawnObjectNPCMonster_BP_SquadPlaceholder_S_P_C09_V2	RSQ10_C09_S_P_reward_232
